id,richness,links,connectance,niche_links,cascade_links
19,1327,9334,0.005300611211468492,9572,9292
12,101,150,0.014704440741103813,182,152
13,54,92,0.03155006858710562,99,100
18,29,38,0.04518430439952437,43,30
15,280,950,0.01211734693877551,929,970
3259,20,50,0.125,58,56
908,43,63,0.03407247160627366,75,58
23,19,20,0.055401662049861494,24,28
909,100,192,0.0192,208,186
946,96,343,0.03721788194444445,368,363
